{
  "Actor": {
    "types": [
      "knight",
      "npc",
      "creature",
      "steed",
      "squire",
      "warband"
    ],
    "templates": {
      "common": {
        "biography": "",
        "virtues": {
          "vigour": {
            "min": 0,
            "max": 18,
            "value": 10
          },
          "clarity": {
            "min": 0,
            "max": 18,
            "value": 10
          },
          "spirit": {
            "min": 0,
            "max": 18,
            "value": 10
          }
        },
        "guard": {
          "min": 0,
          "max": 0,
          "value": 0
        },
        "actors": []
      }
    },
    "htmlFields": [
      "biography"
    ],
    "knight": {
      "templates": [
        "common"
      ],
      "age": "young",
      "rank": "knight_errant",
      "knight": "",
      "fatigue": false,
      "glory": {
        "min": 0,
        "value": 0
      }
    },
    "npc": {
      "templates": [
        "common"
      ],
      "age": "young"
    },
    "squire": {
      "templates": [
        "common"
      ]
    },
    "creature": {
      "templates": [
        "common"
      ]
    },
    "steed": {
      "templates": [
        "common"
      ],
      "trample": ""
    },
    "warband": {
      "templates": [
        "common"
      ]
    }
  },
  "Item": {
    "types": [
      "ability",
      "weapon",
      "coat",
      "plate",
      "shield",
      "helm",
      "passion",
      "misc",
      "scar",
      "knight"
    ],
    "htmlFields": [
      "description"
    ],
    "ability": {
      "description": ""
    },
    "passion": {
      "description": ""
    },
    "weapon": {
      "description": "",
      "damage": "d4",
      "hefty": false,
      "long": false,
      "slow": false,
      "equipped": false
    },
    "coat": {
      "description": "",
      "armor": 1,
      "equipped": false
    },
    "plate": {
      "description": "",
      "armor": 1,
      "equipped": false
    },
    "helm": {
      "description": "",
      "armor": 1,
      "equipped": false
    },
    "shield": {
      "description": "",
      "armor": 1,
      "damage": "d4",
      "equipped": false
    },
    "misc": {
      "description": "",
      "quantity": {
        "min": 1,
        "max": null,
        "value": 1
      }
    },
    "scar": {
      "description": ""
    },
    "knight": {
      "name": "",
      "description": "",
      "flavor": "",
      "flavorLabel1": "",
      "flavorLabel2": ""
    }
  }
}
